Genotype,HR_max,Point
R-o-18,0.49,mean_BLUE
R-o-18,0.1,raw
R-o-18,0,raw
R-o-18,0.27,raw
R-o-18,0.07,raw
R-o-18,0.88,raw
R-o-18,0.95,raw
R-o-18,0.65,raw
RIL,NA,BLUE
RIL,1.2,BLUE
RIL,1.61,BLUE
RIL,0.86,BLUE
RIL,0.66,BLUE
RIL,1.23,BLUE
RIL,NA,BLUE
RIL,1.03,BLUE
RIL,0.64,BLUE
RIL,1.37,BLUE
RIL,1.01,BLUE
RIL,0.52,BLUE
RIL,0.93,BLUE
RIL,1.11,BLUE
RIL,0.87,BLUE
RIL,0.12,BLUE
RIL,0.36,BLUE
RIL,0.48,BLUE
RIL,0.68,BLUE
RIL,0.59,BLUE
RIL,0.52,BLUE
RIL,0.93,BLUE
RIL,0,BLUE
RIL,0.34,BLUE
RIL,2.94,BLUE
RIL,0.54,BLUE
RIL,0.11,BLUE
RIL,1.15,BLUE
RIL,0.55,BLUE
RIL,0.32,BLUE
RIL,0.43,BLUE
RIL,0.58,BLUE
RIL,1.15,BLUE
RIL,0.28,BLUE
RIL,0.44,BLUE
RIL,0.87,BLUE
RIL,0.68,BLUE
RIL,0.56,BLUE
RIL,0.28,BLUE
RIL,0.35,BLUE
RIL,0.84,BLUE
RIL,2.25,BLUE
RIL,1.1,BLUE
RIL,0.72,BLUE
RIL,0.46,BLUE
RIL,0.29,BLUE
RIL,0.34,BLUE
RIL,0.26,BLUE
RIL,0.22,BLUE
RIL,0.45,BLUE
RIL,0.8,BLUE
RIL,0.91,BLUE
RIL,0.29,BLUE
RIL,0.49,BLUE
RIL,1.23,BLUE
RIL,0,BLUE
RIL,1.99,BLUE
RIL,0.7,BLUE
RIL,0.65,BLUE
RIL,0.74,BLUE
RIL,1.2,BLUE
RIL,0.54,BLUE
RIL,0.81,BLUE
RIL,0.3,BLUE
RIL,0.91,BLUE
RIL,0.48,BLUE
RIL,0.35,BLUE
RIL,1.76,BLUE
RIL,0.03,BLUE
RIL,0.28,BLUE
RIL,0.19,BLUE
RIL,1.49,BLUE
RIL,0.1,BLUE
RIL,0.82,BLUE
RIL,0.53,BLUE
RIL,0.88,BLUE
RIL,0.65,BLUE
RIL,1.09,BLUE
RIL,0.28,BLUE
RIL,0.77,BLUE
RIL,0.86,BLUE
RIL,0.17,BLUE
RIL,1.15,BLUE
RIL,0.62,BLUE
RIL,1.48,BLUE
RIL,0.76,BLUE
RIL,1.55,BLUE
RIL,0.39,BLUE
RIL,0.85,BLUE
RIL,0.78,BLUE
RIL,0.98,BLUE
RIL,0.6,BLUE
RIL,0.53,BLUE
RIL,0.64,BLUE
RIL,0.22,BLUE
RIL,0.42,BLUE
RIL,0.73,BLUE
RIL,0.17,BLUE
RIL,1.98,BLUE
RIL,0.75,BLUE
RIL,0.72,BLUE
RIL,0.29,BLUE
RIL,1.43,BLUE
RIL,0.08,BLUE
RIL,0.68,BLUE
RIL,2.09,BLUE
RIL,1.74,BLUE
RIL,0.97,BLUE
RIL,1.02,BLUE
RIL,0.65,BLUE
RIL,0.72,BLUE
RIL,0.46,BLUE
RIL,1.14,BLUE
RIL,0.15,BLUE
RIL,NA,BLUE
RIL,1.23,BLUE
RIL,NA,BLUE
RIL,0.72,BLUE
RIL,1.45,BLUE
RIL,0.67,BLUE
RIL,0.73,BLUE
RIL,0.89,BLUE
RIL,1.29,BLUE
RIL,1.46,BLUE
RIL,NA,BLUE
RIL,0.53,BLUE
RIL,0.5,BLUE
RIL,1.14,BLUE
RIL,0.79,BLUE
RIL,0.83,BLUE
RIL,0.6,BLUE
RIL,0.56,BLUE
RIL,0.57,BLUE
RIL,2.3,BLUE
RIL,0.76,BLUE
RIL,1.17,BLUE
RIL,0.17,BLUE
RIL,0.5,BLUE
RIL,0.6,BLUE
RIL,0.35,BLUE
RIL,0.11,BLUE
RIL,0.33,BLUE
RIL,0.35,BLUE
RIL,0.84,BLUE
RIL,1.04,BLUE
RIL,NA,BLUE
RIL,0.68,BLUE
RIL,0.51,BLUE
RIL,0.52,BLUE
RIL,0.96,BLUE
RIL,0.4,BLUE
RIL,0.82,BLUE
RIL,0.58,BLUE
RIL,0.36,BLUE
RIL,0.87,BLUE
RIL,0.34,BLUE
RIL,0.73,BLUE
RIL,2.38,BLUE
RIL,0.34,BLUE
RIL,1.8,BLUE
RIL,0.766363636,mean_BLUE
L58,1.53,mean_BLUE
L58,0.94,raw
L58,1.71,raw
L58,1.83,raw
L58,1.3,raw
L58,0.95,raw
L58,0.9,raw
L58,1.78,raw
