Line,chr,allele,Genotype,HR_max,HR_max_sqrt
RIL,Pbc1,BrID11121,NA,NA,NA
RIL,Pbc1,BrID11121,L58,2.21,1.2
RIL,Pbc1,BrID11121,NA,2.33,1.61
RIL,Pbc1,BrID11121,R-o-18,1.04,0.86
RIL,Pbc1,BrID11121,R-o-18,1.16,0.66
RIL,Pbc1,BrID11121,L58,1.38,1.23
RIL,Pbc1,BrID11121,R-o-18,0.82,0.54
RIL,Pbc1,BrID11121,R-o-18,1.39,1.03
RIL,Pbc1,BrID11121,L58,0.84,0.64
RIL,Pbc1,BrID11121,L58,2.62,1.37
RIL,Pbc1,BrID11121,L58,2.23,1.01
RIL,Pbc1,BrID11121,R-o-18,1.25,0.52
RIL,Pbc1,BrID11121,R-o-18,1.3,0.93
RIL,Pbc1,BrID11121,L58,1.83,1.11
RIL,Pbc1,BrID11121,L58,1.47,0.87
RIL,Pbc1,BrID11121,R-o-18,0.95,0.12
RIL,Pbc1,BrID11121,R-o-18,0.52,0.36
RIL,Pbc1,BrID11121,R-o-18,1.25,0.48
RIL,Pbc1,BrID11121,R-o-18,1.41,0.68
RIL,Pbc1,BrID11121,R-o-18,0.86,0.59
RIL,Pbc1,BrID11121,R-o-18,0.55,0.52
RIL,Pbc1,BrID11121,R-o-18,1.21,0.93
RIL,Pbc1,BrID11121,R-o-18,0,0
RIL,Pbc1,BrID11121,L58,0.57,0.34
RIL,Pbc1,BrID11121,NA,3.14,2.94
RIL,Pbc1,BrID11121,L58,0.69,0.54
RIL,Pbc1,BrID11121,R-o-18,0.24,0.11
RIL,Pbc1,BrID11121,L58,1.24,1.15
RIL,Pbc1,BrID11121,NA,0.61,0.55
RIL,Pbc1,BrID11121,R-o-18,0.61,0.32
RIL,Pbc1,BrID11121,L58,0.65,0.43
RIL,Pbc1,BrID11121,L58,0.9,0.58
RIL,Pbc1,BrID11121,R-o-18,1.72,1.15
RIL,Pbc1,BrID11121,R-o-18,0.58,0.28
RIL,Pbc1,BrID11121,R-o-18,0.68,0.44
RIL,Pbc1,BrID11121,R-o-18,1.61,0.87
RIL,Pbc1,BrID11121,NA,0.94,0.68
RIL,Pbc1,BrID11121,R-o-18,0.87,0.56
RIL,Pbc1,BrID11121,R-o-18,0.88,0.28
RIL,Pbc1,BrID11121,R-o-18,0.76,0.35
RIL,Pbc1,BrID11121,R-o-18,0.94,0.84
RIL,Pbc1,BrID11121,L58,2.78,2.25
RIL,Pbc1,BrID11121,R-o-18,1.96,1.1
RIL,Pbc1,BrID11121,L58,1.58,0.72
RIL,Pbc1,BrID11121,L58,0.54,0.46
RIL,Pbc1,BrID11121,L58,0.55,0.29
RIL,Pbc1,BrID11121,R-o-18,1.14,0.34
RIL,Pbc1,BrID11121,R-o-18,0.63,0.26
RIL,Pbc1,BrID11121,R-o-18,0.25,0.22
RIL,Pbc1,BrID11121,L58,0.8,0.45
RIL,Pbc1,BrID11121,R-o-18,1.35,0.8
RIL,Pbc1,BrID11121,R-o-18,1.86,0.91
RIL,Pbc1,BrID11121,R-o-18,0.42,0.29
RIL,Pbc1,BrID11121,R-o-18,0.57,0.49
RIL,Pbc1,BrID11121,NA,1.81,1.23
RIL,Pbc1,BrID11121,R-o-18,0,0
RIL,Pbc1,BrID11121,L58,2.33,1.99
RIL,Pbc1,BrID11121,R-o-18,1.17,0.7
RIL,Pbc1,BrID11121,L58,0.81,0.65
RIL,Pbc1,BrID11121,R-o-18,1.11,0.74
RIL,Pbc1,BrID11121,L58,2.7,1.2
RIL,Pbc1,BrID11121,R-o-18,0.92,0.54
RIL,Pbc1,BrID11121,L58,1.73,0.81
RIL,Pbc1,BrID11121,R-o-18,0.54,0.3
RIL,Pbc1,BrID11121,R-o-18,2.09,0.91
RIL,Pbc1,BrID11121,R-o-18,0.85,0.48
RIL,Pbc1,BrID11121,R-o-18,0.65,0.35
RIL,Pbc1,BrID11121,R-o-18,2.88,1.76
RIL,Pbc1,BrID11121,R-o-18,0.1,0.03
RIL,Pbc1,BrID11121,R-o-18,0.41,0.28
RIL,Pbc1,BrID11121,R-o-18,0.4,0.19
RIL,Pbc1,BrID11121,R-o-18,2.37,1.49
RIL,Pbc1,BrID11121,R-o-18,0.38,0.1
RIL,Pbc1,BrID11121,R-o-18,3.11,0.82
RIL,Pbc1,BrID11121,R-o-18,0.7,0.53
RIL,Pbc1,BrID11121,R-o-18,1.8,0.88
RIL,Pbc1,BrID11121,R-o-18,1.2,0.65
RIL,Pbc1,BrID11121,NA,1.52,1.09
RIL,Pbc1,BrID11121,R-o-18,0.59,0.28
RIL,Pbc1,BrID11121,L58,1.25,0.77
RIL,Pbc1,BrID11121,L58,1.33,0.86
RIL,Pbc1,BrID11121,R-o-18,0.31,0.17
RIL,Pbc1,BrID11121,R-o-18,1.68,1.15
RIL,Pbc1,BrID11121,R-o-18,0.88,0.62
RIL,Pbc1,BrID11121,L58,2.95,1.48
RIL,Pbc1,BrID11121,L58,1.21,0.76
RIL,Pbc1,BrID11121,L58,2.56,1.55
RIL,Pbc1,BrID11121,L58,0.54,0.39
RIL,Pbc1,BrID11121,R-o-18,2.04,0.85
RIL,Pbc1,BrID11121,R-o-18,0.99,0.78
RIL,Pbc1,BrID11121,R-o-18,1.34,0.98
RIL,Pbc1,BrID11121,R-o-18,0.79,0.6
RIL,Pbc1,BrID11121,L58,0.67,0.53
RIL,Pbc1,BrID11121,L58,0.71,0.64
RIL,Pbc1,BrID11121,R-o-18,0.62,0.22
RIL,Pbc1,BrID11121,R-o-18,0.54,0.42
RIL,Pbc1,BrID11121,L58,1.15,0.73
RIL,Pbc1,BrID11121,L58,0.33,0.17
RIL,Pbc1,BrID11121,L58,2.81,1.98
RIL,Pbc1,BrID11121,R-o-18,1.51,0.75
RIL,Pbc1,BrID11121,R-o-18,1.06,0.72
RIL,Pbc1,BrID11121,R-o-18,0.61,0.29
RIL,Pbc1,BrID11121,R-o-18,1.91,1.43
RIL,Pbc1,BrID11121,R-o-18,0.18,0.08
RIL,Pbc1,BrID11121,R-o-18,0.72,0.68
RIL,Pbc1,BrID11121,L58,2.67,2.09
RIL,Pbc1,BrID11121,L58,3.57,1.74
RIL,Pbc1,BrID11121,R-o-18,1.16,0.97
RIL,Pbc1,BrID11121,L58,1.32,1.02
RIL,Pbc1,BrID11121,L58,0.72,0.65
RIL,Pbc1,BrID11121,R-o-18,0.94,0.72
RIL,Pbc1,BrID11121,R-o-18,0.6,0.46
RIL,Pbc1,BrID11121,L58,1.58,1.14
RIL,Pbc1,BrID11121,L58,0.4,0.15
RIL,Pbc1,BrID11121,L58,NA,NA
RIL,Pbc1,BrID11121,L58,2.26,1.23
RIL,Pbc1,BrID11121,NA,NA,NA
RIL,Pbc1,BrID11121,R-o-18,0.91,0.72
RIL,Pbc1,BrID11121,L58,1.91,1.45
RIL,Pbc1,BrID11121,L58,0.74,0.67
RIL,Pbc1,BrID11121,L58,1.54,0.73
RIL,Pbc1,BrID11121,R-o-18,1.66,0.89
RIL,Pbc1,BrID11121,NA,2.47,1.29
RIL,Pbc1,BrID11121,R-o-18,2.08,1.46
RIL,Pbc1,BrID11121,NA,NA,NA
RIL,Pbc1,BrID11121,L58,1.05,0.53
RIL,Pbc1,BrID11121,L58,0.75,0.5
RIL,Pbc1,BrID11121,R-o-18,2.03,1.14
RIL,Pbc1,BrID11121,R-o-18,1.1,0.79
RIL,Pbc1,BrID11121,R-o-18,1.63,0.83
RIL,Pbc1,BrID11121,R-o-18,0.9,0.6
RIL,Pbc1,BrID11121,L58,1.19,0.56
RIL,Pbc1,BrID11121,R-o-18,1.1,0.57
RIL,Pbc1,BrID11121,L58,3.05,2.3
RIL,Pbc1,BrID11121,L58,1.19,0.76
RIL,Pbc1,BrID11121,R-o-18,2.1,1.17
RIL,Pbc1,BrID11121,R-o-18,0.33,0.17
RIL,Pbc1,BrID11121,R-o-18,0.53,0.5
RIL,Pbc1,BrID11121,R-o-18,0.91,0.6
RIL,Pbc1,BrID11121,L58,0.43,0.35
RIL,Pbc1,BrID11121,R-o-18,0.18,0.11
RIL,Pbc1,BrID11121,R-o-18,0.53,0.33
RIL,Pbc1,BrID11121,L58,0.75,0.35
RIL,Pbc1,BrID11121,L58,1.28,0.84
RIL,Pbc1,BrID11121,L58,1.08,1.04
RIL,Pbc1,BrID11121,R-o-18,NA,NA
RIL,Pbc1,BrID11121,NA,0.85,0.68
RIL,Pbc1,BrID11121,R-o-18,0.88,0.51
RIL,Pbc1,BrID11121,R-o-18,0.65,0.52
RIL,Pbc1,BrID11121,R-o-18,1.35,0.96
RIL,Pbc1,BrID11121,L58,0.8,0.4
RIL,Pbc1,BrID11121,R-o-18,1.22,0.82
RIL,Pbc1,BrID11121,R-o-18,0.68,0.58
RIL,Pbc1,BrID11121,R-o-18,0.6,0.36
RIL,Pbc1,BrID11121,L58,1.12,0.87
RIL,Pbc1,BrID11121,R-o-18,0.56,0.34
RIL,Pbc1,BrID11121,R-o-18,1.43,0.73
RIL,Pbc1,BrID11121,L58,2.82,2.38
RIL,Pbc1,BrID11121,R-o-18,0.53,0.34
RIL,Pbc1,BrID11121,L58,2.46,1.8
L58,Pbc1,BrID11121,L58,2.52,1.53
RO-18,Pbc1,BrID11121,R-o-18,0.88,0.49
RIL,Pbc2,BrID90099,NA,NA,NA
RIL,Pbc2,BrID90099,R-o-18,2.21,1.2
RIL,Pbc2,BrID90099,NA,2.33,1.61
RIL,Pbc2,BrID90099,R-o-18,1.04,0.86
RIL,Pbc2,BrID90099,R-o-18,1.16,0.66
RIL,Pbc2,BrID90099,R-o-18,1.38,1.23
RIL,Pbc2,BrID90099,R-o-18,0.82,0.54
RIL,Pbc2,BrID90099,R-o-18,1.39,1.03
RIL,Pbc2,BrID90099,L58,0.84,0.64
RIL,Pbc2,BrID90099,R-o-18,2.62,1.37
RIL,Pbc2,BrID90099,L58,2.23,1.01
RIL,Pbc2,BrID90099,L58,1.25,0.52
RIL,Pbc2,BrID90099,R-o-18,1.3,0.93
RIL,Pbc2,BrID90099,R-o-18,1.83,1.11
RIL,Pbc2,BrID90099,R-o-18,1.47,0.87
RIL,Pbc2,BrID90099,R-o-18,0.95,0.12
RIL,Pbc2,BrID90099,L58,0.52,0.36
RIL,Pbc2,BrID90099,R-o-18,1.25,0.48
RIL,Pbc2,BrID90099,L58,1.41,0.68
RIL,Pbc2,BrID90099,R-o-18,0.86,0.59
RIL,Pbc2,BrID90099,R-o-18,0.55,0.52
RIL,Pbc2,BrID90099,L58,1.21,0.93
RIL,Pbc2,BrID90099,R-o-18,0,0
RIL,Pbc2,BrID90099,R-o-18,0.57,0.34
RIL,Pbc2,BrID90099,NA,3.14,2.94
RIL,Pbc2,BrID90099,L58,0.69,0.54
RIL,Pbc2,BrID90099,R-o-18,0.24,0.11
RIL,Pbc2,BrID90099,R-o-18,1.24,1.15
RIL,Pbc2,BrID90099,NA,0.61,0.55
RIL,Pbc2,BrID90099,R-o-18,0.61,0.32
RIL,Pbc2,BrID90099,R-o-18,0.65,0.43
RIL,Pbc2,BrID90099,L58,0.9,0.58
RIL,Pbc2,BrID90099,R-o-18,1.72,1.15
RIL,Pbc2,BrID90099,R-o-18,0.58,0.28
RIL,Pbc2,BrID90099,L58,0.68,0.44
RIL,Pbc2,BrID90099,R-o-18,1.61,0.87
RIL,Pbc2,BrID90099,NA,0.94,0.68
RIL,Pbc2,BrID90099,L58,0.87,0.56
RIL,Pbc2,BrID90099,L58,0.88,0.28
RIL,Pbc2,BrID90099,R-o-18,0.76,0.35
RIL,Pbc2,BrID90099,R-o-18,0.94,0.84
RIL,Pbc2,BrID90099,R-o-18,2.78,2.25
RIL,Pbc2,BrID90099,R-o-18,1.96,1.1
RIL,Pbc2,BrID90099,L58,1.58,0.72
RIL,Pbc2,BrID90099,R-o-18,0.54,0.46
RIL,Pbc2,BrID90099,L58,0.55,0.29
RIL,Pbc2,BrID90099,L58,1.14,0.34
RIL,Pbc2,BrID90099,R-o-18,0.63,0.26
RIL,Pbc2,BrID90099,L58,0.25,0.22
RIL,Pbc2,BrID90099,R-o-18,0.8,0.45
RIL,Pbc2,BrID90099,L58,1.35,0.8
RIL,Pbc2,BrID90099,R-o-18,1.86,0.91
RIL,Pbc2,BrID90099,L58,0.42,0.29
RIL,Pbc2,BrID90099,R-o-18,0.57,0.49
RIL,Pbc2,BrID90099,NA,1.81,1.23
RIL,Pbc2,BrID90099,L58,0,0
RIL,Pbc2,BrID90099,R-o-18,2.33,1.99
RIL,Pbc2,BrID90099,L58,1.17,0.7
RIL,Pbc2,BrID90099,L58,0.81,0.65
RIL,Pbc2,BrID90099,R-o-18,1.11,0.74
RIL,Pbc2,BrID90099,R-o-18,2.7,1.2
RIL,Pbc2,BrID90099,NA,0.92,0.54
RIL,Pbc2,BrID90099,L58,1.73,0.81
RIL,Pbc2,BrID90099,R-o-18,0.54,0.3
RIL,Pbc2,BrID90099,L58,2.09,0.91
RIL,Pbc2,BrID90099,L58,0.85,0.48
RIL,Pbc2,BrID90099,L58,0.65,0.35
RIL,Pbc2,BrID90099,R-o-18,2.88,1.76
RIL,Pbc2,BrID90099,L58,0.1,0.03
RIL,Pbc2,BrID90099,L58,0.41,0.28
RIL,Pbc2,BrID90099,R-o-18,0.4,0.19
RIL,Pbc2,BrID90099,R-o-18,2.37,1.49
RIL,Pbc2,BrID90099,R-o-18,0.38,0.1
RIL,Pbc2,BrID90099,L58,3.11,0.82
RIL,Pbc2,BrID90099,L58,0.7,0.53
RIL,Pbc2,BrID90099,R-o-18,1.8,0.88
RIL,Pbc2,BrID90099,R-o-18,1.2,0.65
RIL,Pbc2,BrID90099,NA,1.52,1.09
RIL,Pbc2,BrID90099,R-o-18,0.59,0.28
RIL,Pbc2,BrID90099,L58,1.25,0.77
RIL,Pbc2,BrID90099,L58,1.33,0.86
RIL,Pbc2,BrID90099,L58,0.31,0.17
RIL,Pbc2,BrID90099,R-o-18,1.68,1.15
RIL,Pbc2,BrID90099,R-o-18,0.88,0.62
RIL,Pbc2,BrID90099,R-o-18,2.95,1.48
RIL,Pbc2,BrID90099,L58,1.21,0.76
RIL,Pbc2,BrID90099,R-o-18,2.56,1.55
RIL,Pbc2,BrID90099,L58,0.54,0.39
RIL,Pbc2,BrID90099,R-o-18,2.04,0.85
RIL,Pbc2,BrID90099,R-o-18,0.99,0.78
RIL,Pbc2,BrID90099,R-o-18,1.34,0.98
RIL,Pbc2,BrID90099,R-o-18,0.79,0.6
RIL,Pbc2,BrID90099,L58,0.67,0.53
RIL,Pbc2,BrID90099,R-o-18,0.71,0.64
RIL,Pbc2,BrID90099,L58,0.62,0.22
RIL,Pbc2,BrID90099,R-o-18,0.54,0.42
RIL,Pbc2,BrID90099,L58,1.15,0.73
RIL,Pbc2,BrID90099,L58,0.33,0.17
RIL,Pbc2,BrID90099,R-o-18,2.81,1.98
RIL,Pbc2,BrID90099,R-o-18,1.51,0.75
RIL,Pbc2,BrID90099,R-o-18,1.06,0.72
RIL,Pbc2,BrID90099,L58,0.61,0.29
RIL,Pbc2,BrID90099,R-o-18,1.91,1.43
RIL,Pbc2,BrID90099,L58,0.18,0.08
RIL,Pbc2,BrID90099,R-o-18,0.72,0.68
RIL,Pbc2,BrID90099,R-o-18,2.67,2.09
RIL,Pbc2,BrID90099,R-o-18,3.57,1.74
RIL,Pbc2,BrID90099,R-o-18,1.16,0.97
RIL,Pbc2,BrID90099,R-o-18,1.32,1.02
RIL,Pbc2,BrID90099,R-o-18,0.72,0.65
RIL,Pbc2,BrID90099,R-o-18,0.94,0.72
RIL,Pbc2,BrID90099,L58,0.6,0.46
RIL,Pbc2,BrID90099,R-o-18,1.58,1.14
RIL,Pbc2,BrID90099,R-o-18,0.4,0.15
RIL,Pbc2,BrID90099,R-o-18,NA,NA
RIL,Pbc2,BrID90099,R-o-18,2.26,1.23
RIL,Pbc2,BrID90099,NA,NA,NA
RIL,Pbc2,BrID90099,L58,0.91,0.72
RIL,Pbc2,BrID90099,R-o-18,1.91,1.45
RIL,Pbc2,BrID90099,L58,0.74,0.67
RIL,Pbc2,BrID90099,L58,1.54,0.73
RIL,Pbc2,BrID90099,R-o-18,1.66,0.89
RIL,Pbc2,BrID90099,NA,2.47,1.29
RIL,Pbc2,BrID90099,R-o-18,2.08,1.46
RIL,Pbc2,BrID90099,NA,NA,NA
RIL,Pbc2,BrID90099,R-o-18,1.05,0.53
RIL,Pbc2,BrID90099,L58,0.75,0.5
RIL,Pbc2,BrID90099,R-o-18,2.03,1.14
RIL,Pbc2,BrID90099,R-o-18,1.1,0.79
RIL,Pbc2,BrID90099,L58,1.63,0.83
RIL,Pbc2,BrID90099,L58,0.9,0.6
RIL,Pbc2,BrID90099,R-o-18,1.19,0.56
RIL,Pbc2,BrID90099,L58,1.1,0.57
RIL,Pbc2,BrID90099,L58,3.05,2.3
RIL,Pbc2,BrID90099,L58,1.19,0.76
RIL,Pbc2,BrID90099,R-o-18,2.1,1.17
RIL,Pbc2,BrID90099,R-o-18,0.33,0.17
RIL,Pbc2,BrID90099,R-o-18,0.53,0.5
RIL,Pbc2,BrID90099,R-o-18,0.91,0.6
RIL,Pbc2,BrID90099,R-o-18,0.43,0.35
RIL,Pbc2,BrID90099,L58,0.18,0.11
RIL,Pbc2,BrID90099,L58,0.53,0.33
RIL,Pbc2,BrID90099,L58,0.75,0.35
RIL,Pbc2,BrID90099,L58,1.28,0.84
RIL,Pbc2,BrID90099,R-o-18,1.08,1.04
RIL,Pbc2,BrID90099,L58,NA,NA
RIL,Pbc2,BrID90099,NA,0.85,0.68
RIL,Pbc2,BrID90099,R-o-18,0.88,0.51
RIL,Pbc2,BrID90099,R-o-18,0.65,0.52
RIL,Pbc2,BrID90099,R-o-18,1.35,0.96
RIL,Pbc2,BrID90099,L58,0.8,0.4
RIL,Pbc2,BrID90099,R-o-18,1.22,0.82
RIL,Pbc2,BrID90099,R-o-18,0.68,0.58
RIL,Pbc2,BrID90099,L58,0.6,0.36
RIL,Pbc2,BrID90099,L58,1.12,0.87
RIL,Pbc2,BrID90099,L58,0.56,0.34
RIL,Pbc2,BrID90099,L58,1.43,0.73
RIL,Pbc2,BrID90099,R-o-18,2.82,2.38
RIL,Pbc2,BrID90099,R-o-18,0.53,0.34
RIL,Pbc2,BrID90099,L58,2.46,1.8
L58,Pbc2,BrID90099,L58,2.52,1.53
RO-18,Pbc2,BrID90099,R-o-18,0.88,0.49
RIL,Pbc3,BrID90095,NA,NA,NA
RIL,Pbc3,BrID90095,R-o-18,2.21,1.2
RIL,Pbc3,BrID90095,NA,2.33,1.61
RIL,Pbc3,BrID90095,R-o-18,1.04,0.86
RIL,Pbc3,BrID90095,R-o-18,1.16,0.66
RIL,Pbc3,BrID90095,R-o-18,1.38,1.23
RIL,Pbc3,BrID90095,R-o-18,0.82,0.54
RIL,Pbc3,BrID90095,R-o-18,1.39,1.03
RIL,Pbc3,BrID90095,R-o-18,0.84,0.64
RIL,Pbc3,BrID90095,L58,2.62,1.37
RIL,Pbc3,BrID90095,L58,2.23,1.01
RIL,Pbc3,BrID90095,L58,1.25,0.52
RIL,Pbc3,BrID90095,L58,1.3,0.93
RIL,Pbc3,BrID90095,R-o-18,1.83,1.11
RIL,Pbc3,BrID90095,L58,1.47,0.87
RIL,Pbc3,BrID90095,L58,0.95,0.12
RIL,Pbc3,BrID90095,L58,0.52,0.36
RIL,Pbc3,BrID90095,R-o-18,1.25,0.48
RIL,Pbc3,BrID90095,-,1.41,0.68
RIL,Pbc3,BrID90095,R-o-18,0.86,0.59
RIL,Pbc3,BrID90095,R-o-18,0.55,0.52
RIL,Pbc3,BrID90095,R-o-18,1.21,0.93
RIL,Pbc3,BrID90095,R-o-18,0,0
RIL,Pbc3,BrID90095,L58,0.57,0.34
RIL,Pbc3,BrID90095,NA,3.14,2.94
RIL,Pbc3,BrID90095,L58,0.69,0.54
RIL,Pbc3,BrID90095,R-o-18,0.24,0.11
RIL,Pbc3,BrID90095,R-o-18,1.24,1.15
RIL,Pbc3,BrID90095,NA,0.61,0.55
RIL,Pbc3,BrID90095,R-o-18,0.61,0.32
RIL,Pbc3,BrID90095,L58,0.65,0.43
RIL,Pbc3,BrID90095,L58,0.9,0.58
RIL,Pbc3,BrID90095,R-o-18,1.72,1.15
RIL,Pbc3,BrID90095,L58,0.58,0.28
RIL,Pbc3,BrID90095,R-o-18,0.68,0.44
RIL,Pbc3,BrID90095,R-o-18,1.61,0.87
RIL,Pbc3,BrID90095,NA,0.94,0.68
RIL,Pbc3,BrID90095,R-o-18,0.87,0.56
RIL,Pbc3,BrID90095,R-o-18,0.88,0.28
RIL,Pbc3,BrID90095,R-o-18,0.76,0.35
RIL,Pbc3,BrID90095,L58,0.94,0.84
RIL,Pbc3,BrID90095,L58,2.78,2.25
RIL,Pbc3,BrID90095,R-o-18,1.96,1.1
RIL,Pbc3,BrID90095,L58,1.58,0.72
RIL,Pbc3,BrID90095,L58,0.54,0.46
RIL,Pbc3,BrID90095,L58,0.55,0.29
RIL,Pbc3,BrID90095,L58,1.14,0.34
RIL,Pbc3,BrID90095,R-o-18,0.63,0.26
RIL,Pbc3,BrID90095,R-o-18,0.25,0.22
RIL,Pbc3,BrID90095,L58,0.8,0.45
RIL,Pbc3,BrID90095,R-o-18,1.35,0.8
RIL,Pbc3,BrID90095,R-o-18,1.86,0.91
RIL,Pbc3,BrID90095,L58,0.42,0.29
RIL,Pbc3,BrID90095,R-o-18,0.57,0.49
RIL,Pbc3,BrID90095,NA,1.81,1.23
RIL,Pbc3,BrID90095,L58,0,0
RIL,Pbc3,BrID90095,R-o-18,2.33,1.99
RIL,Pbc3,BrID90095,R-o-18,1.17,0.7
RIL,Pbc3,BrID90095,R-o-18,0.81,0.65
RIL,Pbc3,BrID90095,L58,1.11,0.74
RIL,Pbc3,BrID90095,R-o-18,2.7,1.2
RIL,Pbc3,BrID90095,L58,0.92,0.54
RIL,Pbc3,BrID90095,L58,1.73,0.81
RIL,Pbc3,BrID90095,L58,0.54,0.3
RIL,Pbc3,BrID90095,L58,2.09,0.91
RIL,Pbc3,BrID90095,R-o-18,0.85,0.48
RIL,Pbc3,BrID90095,L58,0.65,0.35
RIL,Pbc3,BrID90095,R-o-18,2.88,1.76
RIL,Pbc3,BrID90095,L58,0.1,0.03
RIL,Pbc3,BrID90095,L58,0.41,0.28
RIL,Pbc3,BrID90095,L58,0.4,0.19
RIL,Pbc3,BrID90095,R-o-18,2.37,1.49
RIL,Pbc3,BrID90095,R-o-18,0.38,0.1
RIL,Pbc3,BrID90095,R-o-18,3.11,0.82
RIL,Pbc3,BrID90095,R-o-18,0.7,0.53
RIL,Pbc3,BrID90095,R-o-18,1.8,0.88
RIL,Pbc3,BrID90095,L58,1.2,0.65
RIL,Pbc3,BrID90095,NA,1.52,1.09
RIL,Pbc3,BrID90095,R-o-18,0.59,0.28
RIL,Pbc3,BrID90095,L58,1.25,0.77
RIL,Pbc3,BrID90095,R-o-18,1.33,0.86
RIL,Pbc3,BrID90095,L58,0.31,0.17
RIL,Pbc3,BrID90095,R-o-18,1.68,1.15
RIL,Pbc3,BrID90095,L58,0.88,0.62
RIL,Pbc3,BrID90095,L58,2.95,1.48
RIL,Pbc3,BrID90095,L58,1.21,0.76
RIL,Pbc3,BrID90095,L58,2.56,1.55
RIL,Pbc3,BrID90095,R-o-18,0.54,0.39
RIL,Pbc3,BrID90095,L58,2.04,0.85
RIL,Pbc3,BrID90095,R-o-18,0.99,0.78
RIL,Pbc3,BrID90095,R-o-18,1.34,0.98
RIL,Pbc3,BrID90095,L58,0.79,0.6
RIL,Pbc3,BrID90095,R-o-18,0.67,0.53
RIL,Pbc3,BrID90095,L58,0.71,0.64
RIL,Pbc3,BrID90095,L58,0.62,0.22
RIL,Pbc3,BrID90095,R-o-18,0.54,0.42
RIL,Pbc3,BrID90095,L58,1.15,0.73
RIL,Pbc3,BrID90095,L58,0.33,0.17
RIL,Pbc3,BrID90095,R-o-18,2.81,1.98
RIL,Pbc3,BrID90095,L58,1.51,0.75
RIL,Pbc3,BrID90095,L58,1.06,0.72
RIL,Pbc3,BrID90095,L58,0.61,0.29
RIL,Pbc3,BrID90095,R-o-18,1.91,1.43
RIL,Pbc3,BrID90095,L58,0.18,0.08
RIL,Pbc3,BrID90095,L58,0.72,0.68
RIL,Pbc3,BrID90095,R-o-18,2.67,2.09
RIL,Pbc3,BrID90095,R-o-18,3.57,1.74
RIL,Pbc3,BrID90095,R-o-18,1.16,0.97
RIL,Pbc3,BrID90095,R-o-18,1.32,1.02
RIL,Pbc3,BrID90095,R-o-18,0.72,0.65
RIL,Pbc3,BrID90095,R-o-18,0.94,0.72
RIL,Pbc3,BrID90095,R-o-18,0.6,0.46
RIL,Pbc3,BrID90095,L58,1.58,1.14
RIL,Pbc3,BrID90095,L58,0.4,0.15
RIL,Pbc3,BrID90095,R-o-18,NA,NA
RIL,Pbc3,BrID90095,L58,2.26,1.23
RIL,Pbc3,BrID90095,NA,NA,NA
RIL,Pbc3,BrID90095,R-o-18,0.91,0.72
RIL,Pbc3,BrID90095,R-o-18,1.91,1.45
RIL,Pbc3,BrID90095,L58,0.74,0.67
RIL,Pbc3,BrID90095,L58,1.54,0.73
RIL,Pbc3,BrID90095,L58,1.66,0.89
RIL,Pbc3,BrID90095,NA,2.47,1.29
RIL,Pbc3,BrID90095,R-o-18,2.08,1.46
RIL,Pbc3,BrID90095,NA,NA,NA
RIL,Pbc3,BrID90095,R-o-18,1.05,0.53
RIL,Pbc3,BrID90095,L58,0.75,0.5
RIL,Pbc3,BrID90095,R-o-18,2.03,1.14
RIL,Pbc3,BrID90095,R-o-18,1.1,0.79
RIL,Pbc3,BrID90095,L58,1.63,0.83
RIL,Pbc3,BrID90095,R-o-18,0.9,0.6
RIL,Pbc3,BrID90095,R-o-18,1.19,0.56
RIL,Pbc3,BrID90095,L58,1.1,0.57
RIL,Pbc3,BrID90095,R-o-18,3.05,2.3
RIL,Pbc3,BrID90095,L58,1.19,0.76
RIL,Pbc3,BrID90095,R-o-18,2.1,1.17
RIL,Pbc3,BrID90095,L58,0.33,0.17
RIL,Pbc3,BrID90095,L58,0.53,0.5
RIL,Pbc3,BrID90095,R-o-18,0.91,0.6
RIL,Pbc3,BrID90095,L58,0.43,0.35
RIL,Pbc3,BrID90095,L58,0.18,0.11
RIL,Pbc3,BrID90095,L58,0.53,0.33
RIL,Pbc3,BrID90095,R-o-18,0.75,0.35
RIL,Pbc3,BrID90095,R-o-18,1.28,0.84
RIL,Pbc3,BrID90095,R-o-18,1.08,1.04
RIL,Pbc3,BrID90095,L58,NA,NA
RIL,Pbc3,BrID90095,NA,0.85,0.68
RIL,Pbc3,BrID90095,L58,0.88,0.51
RIL,Pbc3,BrID90095,L58,0.65,0.52
RIL,Pbc3,BrID90095,R-o-18,1.35,0.96
RIL,Pbc3,BrID90095,L58,0.8,0.4
RIL,Pbc3,BrID90095,L58,1.22,0.82
RIL,Pbc3,BrID90095,L58,0.68,0.58
RIL,Pbc3,BrID90095,L58,0.6,0.36
RIL,Pbc3,BrID90095,L58,1.12,0.87
RIL,Pbc3,BrID90095,R-o-18,0.56,0.34
RIL,Pbc3,BrID90095,R-o-18,1.43,0.73
RIL,Pbc3,BrID90095,R-o-18,2.82,2.38
RIL,Pbc3,BrID90095,L58,0.53,0.34
RIL,Pbc3,BrID90095,R-o-18,2.46,1.8
L58,Pbc3,BrID90095,L58,2.52,1.53
RO-18,Pbc3,BrID90095,R-o-18,0.88,0.49
